episode,reward,length,success,critic_loss,policy_loss,entropy,total_loss
1,268.150024,144,1.000000,337.889966,-0.011342,0.225871,168.933414
2,254.938873,140,1.000000,270.358487,-0.011339,0.298915,135.167604
3,235.700012,153,1.000000,147.803811,-0.010736,0.279749,73.890890
4,248.361084,148,1.000000,147.042583,-0.008998,0.291582,73.512002
5,251.022217,143,1.000000,128.853609,-0.010554,0.301125,64.415949
6,256.511108,139,1.000000,121.563870,-0.010689,0.307086,60.770939
7,248.883331,156,1.000000,56.281196,-0.008770,0.199289,28.131628
8,251.188873,149,1.000000,56.738168,-0.008983,0.230699,28.359871
9,242.994431,142,1.000000,42.779894,-0.010902,0.282402,21.378762
10,238.866653,141,1.000000,29.069482,-0.011067,0.279621,14.523395
11,259.372192,134,1.000000,42.249227,-0.012162,0.309135,21.112142
12,255.655548,137,1.000000,24.646665,-0.010093,0.303692,12.312935
13,244.611115,139,1.000000,10.756910,-0.009163,0.296425,5.368995
14,238.250000,144,1.000000,12.161777,-0.007211,0.205018,6.073473
15,241.222214,143,1.000000,15.583185,-0.010674,0.321908,7.780597
16,253.638885,140,1.000000,8.254820,-0.007888,0.241930,4.119279
17,226.244446,151,1.000000,22.180319,-0.009713,0.308752,11.080138
18,206.727783,154,1.000000,52.643670,-0.011225,0.312391,26.310298
19,242.199982,135,1.000000,17.591520,-0.010728,0.285173,8.784746
20,220.616653,150,1.000000,23.902022,-0.010067,0.286999,11.940657
21,225.061096,166,1.000000,16.976851,-0.012108,0.353526,8.475964
22,250.000015,153,1.000000,16.087094,-0.009514,0.254851,8.033778
23,238.038879,140,1.000000,17.861091,-0.011620,0.315511,8.918610
24,250.644440,151,1.000000,7.768017,-0.007849,0.270893,3.875889
25,260.583344,138,1.000000,12.384267,-0.010617,0.310645,6.181206
26,233.988876,149,1.000000,7.368664,-0.009254,0.302577,3.674775
27,262.322205,143,1.000000,12.451963,-0.011589,0.274608,6.214118
28,233.777771,145,1.000000,9.613022,-0.011447,0.265555,4.794799
29,266.766663,141,1.000000,8.311170,-0.008462,0.269962,4.146853
30,254.550018,144,1.000000,9.748576,-0.008991,0.304040,4.864993
31,244.538879,140,1.000000,7.224856,-0.010136,0.262188,3.602030
32,251.683319,138,1.000000,9.687450,-0.011672,0.297719,4.831755
33,241.438889,140,1.000000,8.298149,-0.011036,0.326858,4.137712
34,250.144424,151,1.000000,9.764006,-0.009272,0.294061,4.872437
35,213.038879,158,1.000000,14.157393,-0.009409,0.250721,7.069037
36,250.305557,146,1.000000,5.879894,-0.011026,0.306098,2.928615
37,259.355560,137,1.000000,7.212193,-0.010258,0.236364,3.595602
38,235.561096,148,1.000000,9.914073,-0.010295,0.243740,4.946497
39,246.277802,163,1.000000,13.751201,-0.006402,0.192434,6.869006
40,239.733322,165,1.000000,6.066665,-0.006653,0.208942,3.026470
41,248.288895,149,1.000000,10.305676,-0.010168,0.329105,5.142341
42,204.916656,168,1.000000,20.336842,-0.008434,0.258247,10.159729
43,251.005554,146,1.000000,11.832685,-0.009048,0.277813,5.907017
44,225.972229,152,1.000000,15.940935,-0.008713,0.308965,7.961446
45,224.433319,147,1.000000,6.855161,-0.011522,0.363962,3.415695
46,234.538879,158,1.000000,16.700024,-0.008836,0.257756,8.340918
47,248.694443,142,1.000000,7.123147,-0.006600,0.285946,3.554688
48,248.877762,145,1.000000,6.950580,-0.008264,0.223860,3.466802
49,260.333313,147,1.000000,10.463791,-0.010016,0.280906,5.221598
50,233.866653,159,1.000000,10.268747,-0.007813,0.241569,5.126319
51,243.166687,177,1.000000,11.692641,-0.009128,0.211502,5.836981
52,256.311096,157,1.000000,17.779564,-0.010133,0.246913,8.879402
53,250.655548,155,1.000000,6.450425,-0.010599,0.276788,3.214337
54,236.811111,157,1.000000,6.521093,-0.009599,0.305673,3.250642
55,262.177795,145,1.000000,10.184964,-0.012555,0.387242,5.079540
56,256.966675,159,1.000000,4.954390,-0.008310,0.194597,2.468691
57,243.750000,144,1.000000,3.843023,-0.008707,0.229729,1.912575
58,231.027771,154,1.000000,5.278176,-0.007846,0.243737,2.630998
59,243.755554,155,1.000000,12.428116,-0.010390,0.319003,6.203348
60,242.133316,147,1.000000,5.629708,-0.011206,0.267805,2.803380
61,258.733337,147,1.000000,10.134940,-0.013922,0.358416,5.053190
62,265.666626,159,1.000000,4.924220,-0.008893,0.242993,2.452974
63,240.905548,146,1.000000,10.839687,-0.010285,0.310330,5.409248
64,250.988892,149,1.000000,6.157923,-0.010341,0.302550,3.068318
65,252.794434,142,1.000000,5.156810,-0.010388,0.285578,2.567732
66,261.005554,146,1.000000,12.763370,-0.008696,0.280485,6.372708
67,226.177765,163,1.000000,7.527632,-0.009722,0.273296,3.753821
68,265.438904,158,1.000000,4.760088,-0.006860,0.193820,2.372990
69,264.183319,138,1.000000,6.088419,-0.011341,0.285832,3.032583
70,253.516663,150,1.000000,4.675158,-0.007515,0.196509,2.329868
71,236.216660,150,1.000000,10.360501,-0.011333,0.248888,5.168669
72,246.077774,145,1.000000,7.148877,-0.007692,0.285392,3.566461
73,235.916656,150,1.000000,8.161389,-0.011634,0.313675,4.068746
74,251.733337,147,1.000000,4.365835,-0.010322,0.297164,2.172298
75,249.927765,154,1.000000,3.164174,-0.012523,0.318822,1.569245
76,241.538879,158,1.000000,15.270917,-0.007434,0.211398,7.627813
77,230.427765,154,1.000000,8.786142,-0.008258,0.207116,4.384605
78,238.644440,151,1.000000,9.713091,-0.007390,0.275123,4.848881
79,230.072205,152,1.000000,13.348234,-0.009406,0.281587,6.664429
80,234.083344,156,1.000000,8.959200,-0.009414,0.247388,4.469939
81,254.305542,146,1.000000,5.055252,-0.009035,0.285257,2.518306
82,216.583344,156,1.000000,11.659364,-0.009811,0.270717,5.819600
83,257.549988,162,1.000000,3.069016,-0.008597,0.259263,1.525652
84,259.716675,150,1.000000,8.409983,-0.009641,0.199922,4.195151
85,253.072220,152,1.000000,6.206199,-0.008908,0.244106,3.093948
86,254.616669,150,1.000000,8.864560,-0.011857,0.279391,4.420143
87,255.683334,156,1.000000,9.197795,-0.009731,0.296489,4.588869
88,257.911102,139,1.000000,8.438844,-0.010062,0.264118,4.209096
89,240.638885,158,1.000000,5.137524,-0.010468,0.256439,2.558038
90,244.933319,165,1.000000,7.248096,-0.008339,0.256947,3.615452
91,234.594452,160,1.000000,14.294524,-0.009033,0.286711,7.137942
92,250.022217,161,1.000000,4.544639,-0.009107,0.162736,2.263049
93,265.283325,156,1.000000,3.210209,-0.009849,0.253899,1.595002
94,241.416672,150,1.000000,11.327221,-0.008649,0.216929,5.654744
95,240.438904,158,1.000000,9.509714,-0.010740,0.296703,4.743821
96,257.700012,153,1.000000,6.115286,-0.011093,0.279871,3.046270
97,252.861115,148,1.000000,9.768142,-0.009323,0.246586,4.874501
98,263.694427,142,1.000000,5.839636,-0.011249,0.258542,2.908311
99,226.144440,151,1.000000,12.778944,-0.006832,0.181204,6.382459
100,247.288879,149,1.000000,8.073217,-0.008331,0.240695,4.028037
101,248.016663,150,1.000000,7.853695,-0.009767,0.201586,3.916879
102,268.077759,145,1.000000,6.960943,-0.008185,0.197418,3.472089
103,256.138885,158,1.000000,4.822511,-0.009927,0.292960,2.401036
104,262.622223,143,1.000000,12.683461,-0.007992,0.207632,6.333531
105,255.100006,153,1.000000,7.663507,-0.009230,0.260793,3.822262
106,222.294434,160,1.000000,13.317925,-0.006970,0.227024,6.651765
107,239.027771,154,1.000000,12.130878,-0.010793,0.264458,6.054382
108,228.922226,161,1.000000,9.192318,-0.008089,0.273743,4.587797
109,230.700012,153,1.000000,8.948639,-0.007369,0.327303,4.466624
110,252.961121,148,1.000000,11.208380,-0.010095,0.267729,5.593827
111,249.627777,154,1.000000,6.424898,-0.006815,0.186369,3.205447
112,244.683334,156,1.000000,11.145805,-0.007840,0.250080,5.564812
113,231.638885,158,1.000000,9.445762,-0.008378,0.230712,4.714273
114,250.949997,162,1.000000,6.160310,-0.008412,0.221921,3.071522
115,251.644440,151,1.000000,9.974353,-0.006818,0.217350,4.980141
116,246.138870,140,1.000000,8.322677,-0.007676,0.230245,4.153432
117,243.066650,159,1.000000,12.910719,-0.007024,0.185918,6.448149
118,243.138885,158,1.000000,6.376579,-0.007240,0.229834,3.180820
119,250.283325,156,1.000000,4.903477,-0.005531,0.228094,2.445979
120,262.261108,148,1.000000,7.128940,-0.008348,0.246686,3.555876
121,218.933319,165,1.000000,10.325846,-0.012272,0.301678,5.150349
122,253.838898,176,1.000000,7.863089,-0.005583,0.190901,3.925770
123,250.316666,150,1.000000,5.365116,-0.008690,0.213609,2.673655
124,248.455566,155,1.000000,9.659010,-0.008419,0.176925,4.820909
125,234.850006,162,1.000000,7.040150,-0.008089,0.231759,3.511755
126,244.711105,157,1.000000,8.883560,-0.007474,0.213207,4.434093
127,259.261108,166,1.000000,5.718919,-0.007091,0.181049,2.852187
128,254.561096,166,1.000000,9.323092,-0.009267,0.276540,4.652002
129,256.400024,153,1.000000,4.193266,-0.007706,0.222545,2.088705
130,264.438904,176,1.000000,4.896973,-0.009352,0.232249,2.438902
131,252.338882,158,1.000000,4.335941,-0.006132,0.159235,2.161679
132,265.405548,146,1.000000,4.829261,-0.009596,0.284858,2.404749
133,249.227753,154,1.000000,6.244845,-0.008627,0.210360,3.113585
134,257.261108,166,1.000000,9.143841,-0.005935,0.220084,4.565765
135,256.238892,158,1.000000,8.598779,-0.008096,0.226640,4.291067
136,277.138885,140,1.000000,6.258404,-0.008151,0.188378,3.120863
137,254.494446,160,1.000000,9.617320,-0.007770,0.186289,4.800703
138,254.416656,150,1.000000,8.434548,-0.007233,0.224068,4.209817
139,260.733337,147,1.000000,8.203213,-0.006456,0.216296,4.094934
140,256.672241,152,1.000000,3.633667,-0.008857,0.217024,1.807759
141,259.305542,164,1.000000,4.993138,-0.009042,0.233263,2.487294
142,259.622223,161,1.000000,11.327279,-0.007263,0.224311,5.656152
143,268.616669,150,1.000000,6.319246,-0.008484,0.210398,3.150928
144,265.088867,149,1.000000,3.032361,-0.009448,0.244371,1.506488
145,256.661102,148,1.000000,4.649913,-0.009673,0.299639,2.314984
146,246.433334,165,1.000000,6.387456,-0.006815,0.214060,3.186699
147,248.527771,154,1.000000,5.102707,-0.008336,0.215365,2.542802
148,219.411118,157,1.000000,7.458915,-0.008419,0.300201,3.720739
149,223.766647,159,1.000000,13.331708,-0.008316,0.240429,6.657297
150,253.244431,151,1.000000,6.550347,-0.010601,0.235058,3.264338
151,257.311096,157,1.000000,4.526848,-0.008747,0.272470,2.254405
152,258.838867,158,1.000000,4.850398,-0.009679,0.231258,2.415288
153,241.600006,153,1.000000,6.456290,-0.009093,0.258873,3.218793
154,253.522217,161,1.000000,7.265066,-0.006286,0.205890,3.626041
155,251.277786,163,1.000000,8.665247,-0.006001,0.185561,4.326437
156,232.855560,155,1.000000,10.281516,-0.008545,0.259719,5.131953
157,255.927780,154,1.000000,7.456743,-0.010089,0.259001,3.718024
158,239.477783,163,1.000000,5.553069,-0.005531,0.163992,2.770840
159,267.722229,143,1.000000,7.089231,-0.008393,0.183509,3.536039
160,258.033325,147,1.000000,6.198616,-0.010296,0.278499,3.088734
161,258.200012,153,1.000000,6.637796,-0.006671,0.199084,3.312028
162,237.583328,156,1.000000,10.313009,-0.005822,0.156646,5.150525
163,244.166656,159,1.000000,9.628743,-0.007508,0.274925,4.806589
164,218.977783,163,1.000000,11.527756,-0.007643,0.292862,5.755942
165,252.394440,142,1.000000,10.606893,-0.008190,0.261084,5.294996
166,262.327759,154,1.000000,4.576945,-0.006245,0.193372,2.282034
167,240.600006,153,1.000000,12.510256,-0.006969,0.158746,6.248000
168,259.122223,161,1.000000,5.673884,-0.005364,0.149053,2.831429
169,243.411118,157,1.000000,6.402677,-0.006835,0.248905,3.194255
170,249.500000,153,1.000000,3.864981,-0.005398,0.148496,1.926944
171,252.127777,154,1.000000,4.324706,-0.008836,0.206187,2.153311
172,267.366669,141,1.000000,9.639848,-0.006769,0.170947,4.812984
173,253.488892,167,1.000000,12.036173,-0.007953,0.215832,6.009917
174,253.022217,161,1.000000,5.011947,-0.006490,0.159767,2.499324
175,241.111099,157,1.000000,12.467419,-0.008188,0.222450,6.225299
176,231.333328,165,1.000000,12.645744,-0.003270,0.172134,6.319429
177,240.705551,146,1.000000,7.071426,-0.011026,0.235550,3.524451
178,245.722229,161,1.000000,10.362192,-0.007016,0.189721,5.173890
179,261.350006,144,1.000000,8.204091,-0.006590,0.173446,4.095282
180,246.066666,141,1.000000,6.676204,-0.009422,0.217418,3.328463
181,250.183334,156,1.000000,14.610893,-0.006124,0.226576,7.299096
182,246.188873,149,1.000000,6.989281,-0.009069,0.202513,3.485369
183,259.649994,144,1.000000,9.436612,-0.005843,0.174857,4.712289
184,257.744446,151,1.000000,3.293635,-0.008385,0.243461,1.638189
185,213.061111,166,1.000000,17.971622,-0.006164,0.189594,8.979458
186,216.883331,156,1.000000,10.782247,-0.009779,0.273380,5.381071
187,226.305542,146,1.000000,6.180368,-0.010734,0.301582,3.079148
188,259.933319,147,1.000000,3.928871,-0.005805,0.154041,1.958477
189,233.022217,161,1.000000,6.592899,-0.006139,0.162662,3.290148
190,234.644440,151,1.000000,5.924351,-0.009126,0.251524,2.952798
191,198.133331,165,1.000000,13.807380,-0.008226,0.252750,6.895211
192,240.283325,156,1.000000,10.880379,-0.007375,0.154731,5.432660
193,239.233322,165,1.000000,4.788480,-0.004991,0.188308,2.389061
194,251.455551,155,1.000000,4.368921,-0.005498,0.200912,2.178761
195,284.750000,144,1.000000,13.995755,-0.005953,0.177875,6.991746
196,211.866653,159,1.000000,21.307199,-0.008474,0.186575,10.644939
197,264.527771,154,1.000000,5.379206,-0.006470,0.151655,2.682982
198,248.972214,170,1.000000,6.126093,-0.013017,0.269221,3.049761
199,255.099991,153,1.000000,3.581378,-0.006840,0.232586,1.783616
200,266.272217,152,1.000000,6.888979,-0.008404,0.248380,3.435838
201,256.488892,149,1.000000,5.770186,-0.007047,0.174853,2.877871
202,256.422211,143,1.000000,5.698710,-0.006498,0.138298,2.842718
203,250.916656,150,1.000000,6.119857,-0.007881,0.192943,3.051855
204,248.727783,154,1.000000,6.255316,-0.004053,0.133796,3.123471
205,221.766663,159,1.000000,12.168125,-0.005302,0.186888,6.078574
206,219.399994,153,1.000000,19.350733,-0.008764,0.250845,9.666352
207,247.816650,150,1.000000,5.943225,-0.009147,0.204614,2.962261
208,258.272217,170,1.000000,10.943569,-0.005839,0.132912,5.465813
209,260.644409,151,1.000000,7.530599,-0.008700,0.233375,3.756366
210,251.033325,165,1.000000,10.329878,-0.005170,0.193681,5.159576
211,240.588867,149,1.000000,8.222788,-0.007661,0.246963,4.103486
212,262.022217,143,1.000000,6.454204,-0.007280,0.218565,3.219603
213,255.822250,143,1.000000,12.764720,-0.008118,0.202474,6.374039
214,255.816650,150,1.000000,6.640720,-0.008972,0.218186,3.311170
215,232.972229,170,1.000000,11.242251,-0.006694,0.188484,5.614242
216,231.705551,146,1.000000,10.440971,-0.009132,0.202035,5.211151
217,252.872223,170,1.000000,8.496851,-0.007371,0.192165,4.240863
218,264.544434,151,1.000000,4.740444,-0.005981,0.212611,2.364028
219,225.855560,155,1.000000,9.894087,-0.009204,0.230613,4.937609
220,214.711105,157,1.000000,12.781924,-0.009018,0.207525,6.381737
221,245.850006,144,1.000000,4.525120,-0.007293,0.164621,2.255102
222,222.994431,160,1.000000,7.950643,-0.010769,0.244718,3.964308
223,261.450012,144,1.000000,14.796638,-0.005373,0.229974,7.392716
224,247.472229,152,1.000000,5.786934,-0.008354,0.231447,2.884882
225,217.005554,164,1.000000,22.209161,-0.007362,0.206977,11.097011
226,258.183350,156,1.000000,18.599851,-0.005584,0.159908,9.294181
227,254.333313,165,1.000000,7.016519,-0.008597,0.189999,3.499472
228,256.211121,157,1.000000,3.262416,-0.009814,0.254324,1.621140
229,265.588867,149,1.000000,4.124250,-0.006424,0.179001,2.055522
230,236.627777,154,1.000000,17.119068,-0.008329,0.176260,8.551029
231,259.972229,152,1.000000,14.600782,-0.004822,0.133671,7.295435
232,260.527771,154,1.000000,4.884029,-0.008278,0.195618,2.433541
233,232.416672,168,1.000000,8.836342,-0.005987,0.193200,4.411990
234,244.933334,147,1.000000,13.511077,-0.007759,0.173227,6.747606
235,262.827759,154,1.000000,5.408794,-0.010704,0.229605,2.693463
236,266.050018,144,1.000000,5.420560,-0.006542,0.166910,2.703571
237,250.750000,144,1.000000,4.324841,-0.010510,0.234674,2.151676
238,248.716660,150,1.000000,7.761429,-0.008328,0.190939,3.872195
239,246.133331,165,1.000000,11.849950,-0.008010,0.203747,5.916761
240,257.527771,154,1.000000,6.199882,-0.008610,0.206796,3.091125
241,258.133331,147,1.000000,5.998530,-0.007485,0.218708,2.991561
242,251.672241,152,1.000000,8.882901,-0.005030,0.186098,4.436234
243,249.016663,150,1.000000,10.364678,-0.006959,0.169554,5.175210
244,219.244446,169,1.000000,7.643703,-0.006643,0.213285,3.814995
245,231.983337,156,1.000000,17.671932,-0.006084,0.193487,8.829689
246,264.188873,149,1.000000,6.304682,-0.006922,0.183325,3.145236
247,242.583344,156,1.000000,7.192597,-0.008325,0.228946,3.587745
248,260.216675,150,1.000000,6.499626,-0.007883,0.162458,3.241768
249,249.355560,155,1.000000,4.973052,-0.009141,0.219452,2.477166
250,267.333313,165,1.000000,8.419179,-0.007648,0.175924,4.201765
251,227.127777,154,1.000000,6.945896,-0.006845,0.212810,3.465890
252,258.327759,154,1.000000,1.761015,-0.009683,0.243997,0.870580
253,248.061096,148,1.000000,5.376600,-0.009268,0.185228,2.678847
254,249.688873,167,1.000000,6.754222,-0.007711,0.221998,3.369178
255,249.505554,146,1.000000,7.319748,-0.009436,0.160755,3.650277
256,260.472229,152,1.000000,4.485618,-0.008697,0.200877,2.233911
257,260.155548,155,1.000000,4.383770,-0.007151,0.158697,2.184576
258,225.555542,155,1.000000,9.865326,-0.011373,0.303927,4.920986
259,244.911102,157,1.000000,10.121052,-0.007203,0.183854,5.053140
260,241.805527,182,1.000000,6.569734,-0.007177,0.168567,3.277521
261,271.322235,161,1.000000,9.867285,-0.005537,0.175128,4.927930
262,252.011108,175,1.000000,8.600617,-0.006527,0.155831,4.293626
263,270.161102,166,1.000000,5.496757,-0.008405,0.165013,2.739808
264,243.250000,162,1.000000,7.736692,-0.011242,0.211365,3.856892
265,240.194443,160,1.000000,7.803264,-0.008822,0.214677,3.892595
266,261.161102,166,1.000000,10.946805,-0.008947,0.251812,5.464204
267,256.944458,169,1.000000,6.671580,-0.008333,0.231859,3.327226
268,228.699982,171,1.000000,14.735572,-0.009039,0.289911,7.358457
269,263.600006,171,1.000000,2.929766,-0.009291,0.177054,1.455414
270,241.466660,159,1.000000,5.836737,-0.006759,0.164583,2.911445
271,254.622238,161,1.000000,4.179947,-0.007242,0.201620,2.082530
272,258.783325,174,1.000000,7.041116,-0.005534,0.164311,3.514860
273,249.944427,169,1.000000,3.442785,-0.009382,0.264073,1.711746
274,265.333313,165,1.000000,4.367533,-0.007239,0.189995,2.176338
275,261.444458,187,1.000000,4.741525,-0.006123,0.157344,2.364483
276,250.483322,174,1.000000,9.170670,-0.007385,0.162414,4.577787
277,240.799988,171,1.000000,7.701777,-0.007539,0.194546,3.843155
278,270.416656,150,1.000000,6.406521,-0.009866,0.194906,3.193199
279,246.155563,173,1.000000,13.193283,-0.005050,0.168377,6.591423
280,253.466660,159,1.000000,12.518012,-0.006885,0.195100,6.251926
281,252.666656,159,1.000000,3.857458,-0.009074,0.200260,1.919455
282,277.044434,151,1.000000,6.064446,-0.006504,0.150811,3.025569
283,202.233337,165,1.000000,22.355685,-0.005386,0.228822,11.172227
284,238.983337,156,1.000000,4.982576,-0.009714,0.224139,2.481350
285,233.577789,163,1.000000,10.330350,-0.005480,0.262177,5.159433
286,257.244446,151,1.000000,4.350131,-0.007636,0.208329,2.167221
287,247.622223,161,1.000000,9.719639,-0.008328,0.217384,4.851274
288,268.294434,160,1.000000,5.032663,-0.005293,0.157692,2.510880
289,227.994446,178,1.000000,10.857447,-0.010099,0.206940,5.418417
290,261.938904,158,1.000000,6.180931,-0.007356,0.135794,3.082974
291,249.822220,161,1.000000,7.931346,-0.005993,0.178241,3.959502
292,269.344452,169,1.000000,3.976625,-0.010637,0.264744,1.977410
293,244.494446,160,1.000000,4.414798,-0.006991,0.192523,2.200216
294,233.266663,159,1.000000,16.146689,-0.009285,0.240674,8.063819
295,250.183350,156,1.000000,14.896512,-0.006226,0.189149,7.441840
296,260.655548,173,1.000000,6.562775,-0.008325,0.172589,3.272890
297,215.588867,167,1.000000,12.797990,-0.006566,0.167682,6.392262
298,264.311096,157,1.000000,7.686085,-0.006406,0.132646,3.836504
299,258.061096,166,1.000000,6.713396,-0.005365,0.133960,3.351200
300,243.399994,171,1.000000,4.554729,-0.003888,0.177042,2.273299
